{"Pi-Stacking:TRP286A": 0.5813953488372092, "Hydrogen_Bond:GLY121A": 0.511627906976744, "Hydrophobic_Interaction:TYR337A": 0.4883720930232556, "Hydrogen_Bond:GLY122A": 0.46511627906976727, "Hydrogen_Bond:ALA204A": 0.46511627906976727, "Hydrophobic_Interaction:PHE338A": 0.41860465116279055, "Hydrophobic_Interaction:TRP86A": 0.3953488372093022, "Hydrophobic_Interaction:TYR341A": 0.3488372093023255, "Hydrophobic_Interaction:TRP286A": 0.3255813953488371, "Hydrogen_Bond:PHE295A": 0.30232558139534876, "Pi-Stacking:TYR341A": 0.25581395348837205, "Pi-Stacking:TRP86A": 0.2325581395348837, "Hydrophobic_Interaction:PHE297A": 0.2325581395348837, "Hydrophobic_Interaction:TYR72A": 0.18604651162790697, "Hydrophobic_Interaction:TYR124A": 0.18604651162790697, "Pi-Stacking:TYR72A": 0.16279069767441862, "Hydrogen_Bond:TRP286A": 0.16279069767441862, "Water_Bridge:SER125A": 0.16279069767441862, "Hydrogen_Bond:TYR337A": 0.13953488372093023, "Hydrogen_Bond:VAL282A": 0.13953488372093023, "Hydrophobic_Interaction:TRP236A": 0.13953488372093023, "Hydrogen_Bond:ASP74A": 0.11627906976744186, "Hydrogen_Bond:ARG296A": 0.11627906976744186, "Hydrophobic_Interaction:PHE295A": 0.11627906976744186, "Water_Bridge:ASP74A": 0.09302325581395349, "Hydrogen_Bond:SER203A": 0.09302325581395349, "Water_Bridge:TRP286A": 0.09302325581395349, "Water_Bridge:TYR72A": 0.09302325581395349, "Water_Bridge:GLY120A": 0.09302325581395349, "Water_Bridge:ARG296A": 0.09302325581395349, "Hydrogen_Bond:TYR72A": 0.09302325581395349, "Hydrophobic_Interaction:TRP439A": 0.06976744186046512, "Water_Bridge:TYR133A": 0.06976744186046512, "Salt_Bridge:GLU202A": 0.06976744186046512, "Pi-Stacking:TYR337A": 0.06976744186046512, "Hydrophobic_Interaction:TYR449A": 0.06976744186046512, "Pi-Cation_Interaction:TRP86A": 0.06976744186046512, "Water_Bridge:SER293A": 0.06976744186046512, "Hydrogen_Bond:TYR124A": 0.06976744186046512, "Hydrogen_Bond:TYR133A": 0.046511627906976744, "Pi-Cation_Interaction:TRP286A": 0.046511627906976744, "Water_Bridge:GLY122A": 0.046511627906976744, "Water_Bridge:ASN87A": 0.046511627906976744, "Salt_Bridge:HIS447A": 0.046511627906976744, "Pi-Stacking:TYR124A": 0.046511627906976744, "Water_Bridge:TRP86A": 0.046511627906976744, "Hydrogen_Bond:GLU268A": 0.046511627906976744, "Water_Bridge:PHE299A": 0.046511627906976744, "Pi-Stacking:HIS287A": 0.023255813953488372, "Hydrophobic_Interaction:VAL294A": 0.023255813953488372, "Hydrogen_Bond:GLY120A": 0.023255813953488372, "Water_Bridge:TYR341A": 0.023255813953488372, "Water_Bridge:THR83A": 0.023255813953488372, "Hydrophobic_Interaction:LEU76A": 0.023255813953488372, "Water_Bridge:GLY121A": 0.023255813953488372, "Hydrogen_Bond:GLU285A": 0.023255813953488372, "Water_Bridge:TYR124A": 0.023255813953488372, "Hydrogen_Bond:SER125A": 0.023255813953488372, "Hydrogen_Bond:SER293A": 0.023255813953488372, "Hydrogen_Bond:HIS447A": 0.023255813953488372, "Hydrophobic_Interaction:ASP74A": 0.023255813953488372, "Water_Bridge:THR75A": 0.023255813953488372, "Water_Bridge:ALA204A": 0.023255813953488372, "Hydrogen_Bond:SER298A": 0.023255813953488372, "Hydrogen_Bond:TYR341A": 0.023255813953488372}