{"Pi-Stacking:TRP286A": 0.5952380952380956, "Hydrogen_Bond:GLY121A": 0.5238095238095241, "Hydrophobic_Interaction:TYR337A": 0.5000000000000002, "Hydrogen_Bond:GLY122A": 0.4761904761904764, "Hydrogen_Bond:ALA204A": 0.4761904761904764, "Hydrophobic_Interaction:PHE338A": 0.4285714285714287, "Hydrophobic_Interaction:TRP86A": 0.4047619047619049, "Hydrophobic_Interaction:TYR341A": 0.3571428571428572, "Hydrophobic_Interaction:TRP286A": 0.33333333333333337, "Hydrogen_Bond:PHE295A": 0.30952380952380953, "Pi-Stacking:TYR341A": 0.26190476190476186, "Pi-Stacking:TRP86A": 0.23809523809523808, "Hydrophobic_Interaction:PHE297A": 0.23809523809523808, "Hydrophobic_Interaction:TYR72A": 0.19047619047619047, "Hydrophobic_Interaction:TYR124A": 0.19047619047619047, "Pi-Stacking:TYR72A": 0.16666666666666666, "Hydrogen_Bond:TRP286A": 0.16666666666666666, "Water_Bridge:SER125A": 0.16666666666666666, "Hydrogen_Bond:TYR337A": 0.14285714285714285, "Hydrogen_Bond:VAL282A": 0.14285714285714285, "Hydrophobic_Interaction:TRP236A": 0.14285714285714285, "Hydrogen_Bond:ASP74A": 0.11904761904761904, "Hydrogen_Bond:ARG296A": 0.11904761904761904, "Hydrophobic_Interaction:PHE295A": 0.11904761904761904, "Water_Bridge:ASP74A": 0.09523809523809523, "Hydrogen_Bond:SER203A": 0.09523809523809523, "Water_Bridge:TRP286A": 0.09523809523809523, "Water_Bridge:TYR72A": 0.09523809523809523, "Water_Bridge:GLY120A": 0.09523809523809523, "Water_Bridge:ARG296A": 0.09523809523809523, "Hydrogen_Bond:TYR72A": 0.09523809523809523, "Hydrophobic_Interaction:TRP439A": 0.07142857142857142, "Water_Bridge:TYR133A": 0.07142857142857142, "Salt_Bridge:GLU202A": 0.07142857142857142, "Pi-Stacking:TYR337A": 0.07142857142857142, "Hydrophobic_Interaction:TYR449A": 0.07142857142857142, "Pi-Cation_Interaction:TRP86A": 0.07142857142857142, "Water_Bridge:SER293A": 0.07142857142857142, "Hydrogen_Bond:TYR124A": 0.07142857142857142, "Hydrogen_Bond:TYR133A": 0.047619047619047616, "Pi-Cation_Interaction:TRP286A": 0.047619047619047616, "Water_Bridge:GLY122A": 0.047619047619047616, "Water_Bridge:ASN87A": 0.047619047619047616, "Salt_Bridge:HIS447A": 0.047619047619047616, "Pi-Stacking:TYR124A": 0.047619047619047616, "Water_Bridge:TRP86A": 0.047619047619047616, "Hydrogen_Bond:GLU268A": 0.047619047619047616, "Water_Bridge:PHE299A": 0.047619047619047616, "Pi-Stacking:HIS287A": 0.023809523809523808, "Hydrophobic_Interaction:VAL294A": 0.023809523809523808, "Hydrogen_Bond:GLY120A": 0.023809523809523808, "Water_Bridge:TYR341A": 0.023809523809523808, "Water_Bridge:THR83A": 0.023809523809523808, "Hydrophobic_Interaction:LEU76A": 0.023809523809523808, "Water_Bridge:GLY121A": 0.023809523809523808, "Hydrogen_Bond:GLU285A": 0.023809523809523808, "Water_Bridge:TYR124A": 0.023809523809523808, "Hydrogen_Bond:SER125A": 0.023809523809523808, "Hydrogen_Bond:SER293A": 0.023809523809523808, "Hydrogen_Bond:HIS447A": 0.023809523809523808, "Hydrophobic_Interaction:ASP74A": 0.023809523809523808, "Water_Bridge:THR75A": 0.023809523809523808, "Water_Bridge:ALA204A": 0.023809523809523808, "Hydrogen_Bond:SER298A": 0.023809523809523808, "Hydrogen_Bond:TYR341A": 0.023809523809523808}