{"Hydrogen_Bond:GLY216A": 0.728155339805825, "Pi-Stacking:TRP215A": 0.6504854368932037, "Metal_Complexation:GLU80A": 0.640776699029126, "Hydrophobic_Interaction:TRP215A": 0.6310679611650484, "Metal_Complexation:ASP70A": 0.611650485436893, "Metal_Complexation:ASN72A": 0.611650485436893, "Pi-Stacking:PHE174A": 0.553398058252427, "Hydrophobic_Interaction:PHE174A": 0.553398058252427, "Hydrophobic_Interaction:VAL213A": 0.5436893203883494, "Metal_Complexation:GLN75A": 0.524271844660194, "Hydrogen_Bond:GLN192A": 0.47572815533980567, "Hydrogen_Bond:GLY218A": 0.4466019417475727, "Pi-Stacking:TYR99A": 0.42718446601941734, "Hydrophobic_Interaction:TYR99A": 0.39805825242718434, "Hydrophobic_Interaction:ALA190A": 0.31067961165048535, "Water_Bridge:SER195A": 0.22330097087378634, "Hydrogen_Bond:GLY219A": 0.203883495145631, "Metal_Complexation:TYR185A": 0.18446601941747567, "Metal_Complexation:ARG222A": 0.18446601941747567, "Metal_Complexation:ASP0A": 0.16504854368932034, "Pi-Cation_Interaction:TRP215A": 0.15533980582524268, "Metal_Complexation:GLU77A": 0.145631067961165, "Metal_Complexation:LYS224A": 0.12621359223300968, "Hydrogen_Bond:ASP189A": 0.10679611650485434, "Water_Bridge:GLY218A": 0.087378640776699, "Hydrogen_Bond:ALA190A": 0.087378640776699, "Hydrophobic_Interaction:GLN192A": 0.087378640776699, "Hydrophobic_Interaction:GLU147A": 0.05825242718446601, "Pi-Cation_Interaction:PHE174A": 0.05825242718446601, "Hydrogen_Bond:GLU97A": 0.04854368932038834, "Pi-Cation_Interaction:TYR99A": 0.04854368932038834, "Water_Bridge:GLY216A": 0.04854368932038834, "Water_Bridge:TYR99A": 0.04854368932038834, "Water_Bridge:GLY193A": 0.038834951456310676, "Water_Bridge:ARG222A": 0.038834951456310676, "Hydrogen_Bond:SER195A": 0.038834951456310676, "Water_Bridge:TRP215A": 0.029126213592233007, "Halogen_Bond:GLU146A": 0.029126213592233007, "Water_Bridge:GLU97A": 0.029126213592233007, "Hydrogen_Bond:ALA221A": 0.029126213592233007, "Water_Bridge:GLN192A": 0.029126213592233007, "Hydrophobic_Interaction:GLU217A": 0.019417475728155338, "Hydrogen_Bond:ASP194A": 0.019417475728155338, "Water_Bridge:ARG143A": 0.019417475728155338, "Metal_Complexation:GLU124A": 0.019417475728155338, "Metal_Complexation:ASP126A": 0.019417475728155338, "Water_Bridge:ILE227A": 0.019417475728155338, "Salt_Bridge:GLU97A": 0.019417475728155338, "Hydrogen_Bond:LYS96A": 0.019417475728155338, "Water_Bridge:GLU217A": 0.019417475728155338, "Hydrogen_Bond:ILE227A": 0.009708737864077669, "Salt_Bridge:ARG143A": 0.009708737864077669, "Water_Bridge:ASP189A": 0.009708737864077669, "Salt_Bridge:ARG222A": 0.009708737864077669, "Metal_Complexation:LEU65A": 0.009708737864077669, "Water_Bridge:THR98A": 0.009708737864077669, "Hydrogen_Bond:ALA195A": 0.009708737864077669, "Hydrogen_Bond:TYR100A": 0.009708737864077669, "Hydrogen_Bond:SER200A": 0.009708737864077669, "Pi-Stacking:TYR100A": 0.009708737864077669, "Pi-Stacking:PHE177A": 0.009708737864077669, "Pi-Stacking:TRP220A": 0.009708737864077669, "Hydrophobic_Interaction:VAL218A": 0.009708737864077669, "Hydrophobic_Interaction:PHE177A": 0.009708737864077669, "Hydrophobic_Interaction:GLU222A": 0.009708737864077669, "Hydrophobic_Interaction:TRP220A": 0.009708737864077669, "Water_Bridge:SER200A": 0.009708737864077669, "Metal_Complexation:ASP71A": 0.009708737864077669, "Metal_Complexation:GLN76A": 0.009708737864077669, "Metal_Complexation:GLU81A": 0.009708737864077669, "Hydrogen_Bond:GLY216B": 0.009708737864077669, "Hydrophobic_Interaction:TYR99B": 0.009708737864077669, "Hydrophobic_Interaction:VAL213B": 0.009708737864077669, "Hydrophobic_Interaction:GLN192B": 0.009708737864077669, "Hydrophobic_Interaction:PHE174B": 0.009708737864077669, "Metal_Complexation:HIS13B": 0.009708737864077669, "Hydrophobic_Interaction:GLU146A": 0.009708737864077669, "Metal_Complexation:ALA75A": 0.009708737864077669, "Hydrogen_Bond:LYS148A": 0.009708737864077669, "Water_Bridge:LYS148A": 0.009708737864077669, "Water_Bridge:ALA190A": 0.009708737864077669, "Hydrogen_Bond:TRP215A": 0.009708737864077669, "Halogen_Bond:ARG143A": 0.009708737864077669, "Water_Bridge:GLU147A": 0.009708737864077669, "Halogen_Bond:GLN192A": 0.009708737864077669, "Hydrogen_Bond:SER214A": 0.009708737864077669, "Hydrogen_Bond:TYR99A": 0.009708737864077669}