{"Hydrogen_Bond:GLY216A": {"frequency": 0.728155339805825, "structures": ["2VVC", "2W3I", "2W3I", "2G00", "1IQI", "4ZHA", "1MQ6", "2UWP", "2Y5F", "2UWL", "2Y82", "2PR3", "2PR3", "4Y76", "2UWO", "3CS7", "4ZH8", "2J95", "2VH0", "2VWL", "2J34", "4Y79", "1Z6E", "2XBY", "2EI6", "2VWO", "3KL6", "3LIW", "3LIW", "3LIW", "1IQE", "2Y80", "2VVV", "2VVV", "2XBW", "3M37", "2JKH", "2J38", "2FZZ", "3KQD", "2PHB", "2PHB", "4Y7B", "2W3K", "2W3K", "4Y6D", "2Y5H", "2CJI", "2P93", "2Y5G", "2J2U", "2XC5", "3M36", "2VWN", "4Y71", "2P94", "2P94", "2Q1J", "2Q1J", "3KQE", "2BOK", "3TK6", "2J94", "1MQ5", "2XC4", "2VWM", "2XC0", "2XBV", "5K0H", "5K0H", "2P95", "2VVU", "3KQC", "2Y7X", "2J4I"]}, "Pi-Stacking:TRP215A": {"frequency": 0.6504854368932037, "structures": ["2VVC", "2W3I", "2W3I", "2G00", "2G00", "1EZQ", "1IQI", "1IQL", "2PR3", "1IQF", "2VH0", "2VH0", "2VWL", "2VWL", "1IQM", "1Z6E", "2XBY", "2XBY", "1IOE", "2VWO", "2VWO", "1IQJ", "1IQN", "2VVV", "2VVV", "1G2M", "2XBW", "2XBW", "3M37", "3M37", "2FZZ", "2FZZ", "3KQD", "3KQD", "2PHB", "2W3K", "2W3K", "2P93", "2P93", "2XC5", "2XC5", "3M36", "2VWN", "2VWN", "2P94", "2P94", "2Q1J", "3KQE", "3KQE", "1F0R", "1F0S", "2XC4", "2XC4", "2VWM", "2VWM", "2XC0", "2XC0", "2XBV", "2XBV", "5K0H", "2P95", "2P95", "2VVU", "2VVU", "3KQC", "3KQC", "1IQK"]}, "Metal_Complexation:GLU80A": {"frequency": 0.640776699029126, "structures": ["2W3I", "1EZQ", "1IQI", "2D1J", "4ZHA", "1MQ6", "2UWP", "3Q3K", "1IQL", "2W26", "2EI7", "2Y82", "1V3X", "2PR3", "4Y76", "1IQF", "1NFU", "1NFY", "3CS7", "4ZH8", "2J95", "2VH0", "2VWL", "2J34", "1IQM", "1IQM", "4Y79", "2XBY", "2EI6", "2VWO", "3KL6", "3LIW", "1IQE", "1IQJ", "2Y80", "1FAX", "1FAX", "1IQN", "2VVV", "1G2M", "1G2M", "2XBW", "3M37", "2J38", "2PHB", "4Y7B", "2W3K", "2CJI", "2XC5", "2VWN", "4Y71", "2Q1J", "3TK6", "1F0R", "2J94", "1F0S", "1MQ5", "2XC4", "2XC0", "2XBV", "5K0H", "2VVU", "1IQK", "2Y7X", "2J4I", "3IIT"]}, "Hydrophobic_Interaction:TRP215A": {"frequency": 0.6310679611650484, "structures": ["2VVC", "2G00", "1EZQ", "1IQI", "4ZHA", "1MQ6", "2UWP", "3Q3K", "2Y5F", "2W26", "2UWL", "2Y82", "2PR3", "4Y76", "2UWO", "1NFU", "1NFY", "3CS7", "2J95", "2VH0", "2VWL", "2J34", "4Y79", "1Z6E", "2XBY", "1IOE", "2EI6", "2VWO", "3KL6", "3LIW", "1IQE", "2Y80", "1FAX", "2VVV", "1G2M", "2XBW", "3M37", "2FZZ", "3KQD", "2PHB", "4Y7B", "2W3K", "4Y6D", "2CJI", "2P93", "2Y5G", "2J2U", "2XC5", "3M36", "2VWN", "4Y71", "2P94", "2Q1J", "3KQE", "3TK6", "1MQ5", "2XC4", "2VWM", "2XC0", "2XBV", "2P95", "2VVU", "3KQC", "2Y7X", "2J4I"]}, "Metal_Complexation:ASP70A": {"frequency": 0.611650485436893, "structures": ["2VVC", "2W3I", "1EZQ", "2D1J", "4ZHA", "1MQ6", "2UWP", "3Q3K", "1IQL", "2W26", "2EI7", "2Y82", "1V3X", "2PR3", "4Y76", "1NFU", "1NFY", "3CS7", "4ZH8", "2J95", "2VH0", "2VWL", "2J34", "1IQM", "4Y79", "2XBY", "1IOE", "2EI6", "2VWO", "3KL6", "3LIW", "1IQE", "2Y80", "1FAX", "1IQN", "2VVV", "1G2M", "2XBW", "3M37", "2JKH", "2J38", "2PHB", "4Y7B", "2W3K", "2CJI", "2XC5", "2VWN", "4Y71", "2Q1J", "3TK6", "1F0R", "2J94", "1F0S", "1MQ5", "2XC4", "2XC0", "2XBV", "5K0H", "2VVU", "1IQK", "2Y7X", "2J4I", "3IIT"]}, "Metal_Complexation:ASN72A": {"frequency": 0.611650485436893, "structures": ["2VVC", "2W3I", "1EZQ", "1IQI", "2D1J", "4ZHA", "1MQ6", "2UWP", "3Q3K", "1IQL", "2W26", "2EI7", "2Y82", "1V3X", "2PR3", "4Y76", "1NFU", "1NFY", "3CS7", "4ZH8", "2J95", "2VH0", "2VWL", "2J34", "1IQM", "4Y79", "2XBY", "1IOE", "2VWO", "3KL6", "3LIW", "1IQE", "1IQJ", "2Y80", "1FAX", "1IQN", "2VVV", "1G2M", "2XBW", "3M37", "2JKH", "2J38", "2PHB", "4Y7B", "2W3K", "2CJI", "2XC5", "2VWN", "4Y71", "2Q1J", "3TK6", "1F0R", "2J94", "1F0S", "2XC4", "2XC0", "2XBV", "5K0H", "2VVU", "1IQK", "2Y7X", "2J4I", "3IIT"]}, "Pi-Stacking:PHE174A": {"frequency": 0.553398058252427, "structures": ["2VVC", "2VVC", "2W3I", "2G00", "1EZQ", "1IQI", "4ZHA", "1MQ6", "2PR3", "1IQF", "1NFY", "2VH0", "2VH0", "2VWL", "1Z6E", "2XBY", "1IOE", "2VWO", "1IQJ", "1IQN", "2VVV", "2VVV", "1G2M", "1G2M", "2XBW", "3M37", "2FZZ", "3KQD", "2PHB", "2W3K", "4Y6D", "2P93", "2XC5", "3M36", "2VWN", "2P94", "2Q1J", "3KQE", "1F0R", "1F0R", "1F0S", "1F0S", "1MQ5", "2XC4", "2XC4", "2VWM", "2VWM", "2XC0", "2XBV", "5K0H", "2P95", "2VVU", "2VVU", "3KQC", "3KQC", "1IQK", "2Y7X"]}, "Hydrophobic_Interaction:PHE174A": {"frequency": 0.553398058252427, "structures": ["2VVC", "2W3I", "2G00", "1EZQ", "2UWP", "2Y5F", "1IQL", "2W26", "2UWL", "2Y82", "2PR3", "2UWO", "1NFU", "3CS7", "4ZH8", "2J95", "2VWL", "2J34", "1IQM", "4Y79", "1Z6E", "2XBY", "2VWO", "3KL6", "3LIW", "1IQE", "1IQJ", "2Y80", "2VVV", "1G2M", "2XBW", "3M37", "2J38", "2FZZ", "3KQD", "2PHB", "4Y7B", "2W3K", "2CJI", "2J2U", "2XC5", "3M36", "2VWN", "2P94", "2Q1J", "3KQE", "2J94", "1F0S", "2XC4", "2VWM", "2XC0", "2XBV", "2P95", "2VVU", "3KQC", "1IQK", "2J4I"]}, "Hydrophobic_Interaction:VAL213A": {"frequency": 0.5436893203883494, "structures": ["2W3I", "2G00", "1EZQ", "1IQI", "3Q3K", "1IQL", "2EI7", "2Y82", "1V3X", "2PR3", "4Y76", "1IQF", "1NFU", "1NFY", "3CS7", "4ZH8", "2J34", "1IQM", "4Y79", "1Z6E", "2XBY", "1IOE", "2EI6", "3KL6", "1IQE", "1IQJ", "2Y80", "1FAX", "1IQN", "1G2M", "2XBW", "3M37", "2J38", "2FZZ", "3KQD", "2PHB", "4Y7B", "2W3K", "2CJI", "2P93", "2J2U", "3M36", "4Y71", "2P94", "2Q1J", "3KQE", "2BOK", "1F0R", "1MQ5", "2XC4", "5K0H", "3KQC", "1IQK", "2Y7X", "2J4I", "3IIT"]}, "Metal_Complexation:GLN75A": {"frequency": 0.524271844660194, "structures": ["2VVC", "2W3I", "2D1J", "4ZHA", "1MQ6", "2UWP", "3Q3K", "2W26", "2EI7", "2Y82", "1V3X", "2PR3", "4Y76", "1NFU", "3CS7", "4ZH8", "2J95", "2VH0", "2VWL", "2J34", "4Y79", "2XBY", "2EI6", "2VWO", "3KL6", "3LIW", "2Y80", "1IQN", "2VVV", "1G2M", "2XBW", "3M37", "2JKH", "2PHB", "4Y7B", "2W3K", "2CJI", "2XC5", "2VWN", "4Y71", "2Q1J", "3TK6", "1F0R", "2J94", "1F0S", "1MQ5", "2XC4", "2XC0", "2XBV", "5K0H", "2VVU", "2Y7X", "2J4I", "3IIT"]}, "Hydrogen_Bond:GLN192A": {"frequency": 0.47572815533980567, "structures": ["2VVC", "2G00", "1EZQ", "1IQI", "4ZHA", "1IQL", "1IQL", "2EI7", "2Y82", "1V3X", "4Y76", "1IQF", "2UWO", "1NFU", "1NFU", "1NFY", "3CS7", "4ZH8", "1Z6E", "1IOE", "1IOE", "2EI6", "1IQE", "2Y80", "1FAX", "1IQN", "2XBW", "2XBW", "3M37", "2J38", "2FZZ", "3KQD", "4Y7B", "4Y6D", "2Y5H", "2J2U", "2XC5", "2XC5", "3M36", "2VWN", "4Y71", "3KQE", "1MQ5", "3KQC", "1IQK", "2Y7X", "2Y7X", "2J4I", "3IIT"]}, "Hydrogen_Bond:GLY218A": {"frequency": 0.4466019417475727, "structures": ["2VVC", "2G00", "1MQ6", "1MQ6", "3Q3K", "3Q3K", "1IQL", "2EI7", "2EI7", "1V3X", "1IQF", "1NFY", "2VWL", "1IQM", "1Z6E", "2XBY", "1IOE", "2EI6", "2VWO", "3LIW", "1FAX", "1IQN", "2VVV", "2VVV", "2XBW", "2FZZ", "3KQD", "2P93", "2XC5", "3M36", "2VWN", "2P94", "3KQE", "3TK6", "3TK6", "1MQ5", "1MQ5", "2XC4", "2VWM", "2XC0", "2XBV", "2P95", "2VVU", "3KQC", "1IQK", "3IIT"]}, "Pi-Stacking:TYR99A": {"frequency": 0.42718446601941734, "structures": ["2VVC", "2W3I", "2W3I", "2G00", "4ZHA", "2W26", "2PR3", "3CS7", "2VH0", "2VWL", "1Z6E", "2XBY", "2VWO", "2Y80", "2VVV", "1G2M", "2XBW", "3M37", "3M37", "2FZZ", "3KQD", "2PHB", "2W3K", "2W3K", "4Y6D", "2P93", "2P93", "2XC5", "3M36", "2VWN", "2P94", "2P94", "2Q1J", "3KQE", "2XC4", "2XC4", "2VWM", "2XC0", "2XBV", "5K0H", "2P95", "2P95", "2VVU", "3KQC"]}, "Hydrophobic_Interaction:TYR99A": {"frequency": 0.39805825242718434, "structures": ["2W3I", "2G00", "1EZQ", "3Q3K", "2Y5F", "1IQL", "2EI7", "2Y82", "1V3X", "2PR3", "1NFY", "3CS7", "2VWL", "2EI6", "2VWO", "3LIW", "1IQE", "2VVV", "2XBW", "3M37", "2FZZ", "3KQD", "4Y7B", "2W3K", "2P93", "2Y5G", "2XC5", "2VWN", "3KQE", "2BOK", "3TK6", "1F0R", "1F0S", "2XC4", "2XC0", "2XBV", "5K0H", "2P95", "3KQC", "2Y7X", "2J4I"]}, "Hydrophobic_Interaction:ALA190A": {"frequency": 0.31067961165048535, "structures": ["2VVC", "1EZQ", "4ZHA", "2UWP", "3Q3K", "1IQL", "2EI7", "2UWL", "2Y82", "1V3X", "1IQF", "1NFU", "1NFY", "2J95", "2VH0", "2VWL", "1IQM", "2XBY", "1IOE", "2EI6", "2VWO", "3KL6", "1IQE", "2Y80", "1IQN", "3M37", "2J38", "4Y6D", "2J2U", "2J94", "2Y7X", "3IIT"]}, "Water_Bridge:SER195A": {"frequency": 0.22330097087378634,