Interaction;Frequency
Hydrogen_Bond:SER170A;0.8636363636363634
Hydrophobic_Interaction:LEU126A;0.6818181818181818
Hydrogen_Bond:TYR183A;0.6363636363636364
Hydrophobic_Interaction:TYR177A;0.6363636363636364
Hydrophobic_Interaction:VAL180A;0.5909090909090909
Hydrophobic_Interaction:TYR183A;0.5454545454545455
Hydrophobic_Interaction:ALA226A;0.45454545454545464
Hydrophobic_Interaction:ILE121A;0.40909090909090917
Hydrophobic_Interaction:VAL227A;0.3636363636363637
Hydrophobic_Interaction:LEU217A;0.31818181818181823
Hydrogen_Bond:LEU171A;0.31818181818181823
Hydrogen_Bond:ALA172A;0.31818181818181823
Hydrophobic_Interaction:LEU171A;0.31818181818181823
Hydrophobic_Interaction:ALA223A;0.27272727272727276
Hydrophobic_Interaction:THR124A;0.2272727272727273
Hydrophobic_Interaction:TYR280B;0.18181818181818182
Pi-Stacking:TYR177A;0.18181818181818182
Hydrogen_Bond:LEU217A;0.13636363636363635
Hydrogen_Bond:TYR280B;0.13636363636363635
Hydrophobic_Interaction:MET179A;0.13636363636363635
Hydrogen_Bond:TYR177A;0.09090909090909091
Hydrophobic_Interaction:ALA172A;0.09090909090909091
Hydrophobic_Interaction:VAL231A;0.09090909090909091
Pi-Stacking:TYR183A;0.09090909090909091
Hydrogen_Bond:THR222A;0.09090909090909091
Hydrophobic_Interaction:TYR280D;0.045454545454545456
Halogen_Bond:THR222A;0.045454545454545456
Hydrophobic_Interaction:ILE230A;0.045454545454545456
Salt_Bridge:ASP259A;0.045454545454545456
Hydrophobic_Interaction:THR222A;0.045454545454545456
Hydrogen_Bond:TYR284B;0.045454545454545456
Hydrogen_Bond:THR124A;0.045454545454545456
Hydrogen_Bond:ASP259A;0.045454545454545456
Pi-Stacking:TYR280B;0.045454545454545456
