Interaction;Frequency
Pi-Stacking:TRP336A;1.7142857142857137
Hydrogen_Bond:ASP335A;1.571428571428571
Hydrogen_Bond:TYR466A;1.1428571428571426
Hydrophobic_Interaction:TYR466A;0.9999999999999997
Hydrophobic_Interaction:ASN472A;0.9285714285714283
Hydrophobic_Interaction:TRP336A;0.7857142857142855
Pi-Stacking:HIS524A;0.7142857142857141
Hydrophobic_Interaction:MET339A;0.7142857142857141
Water_Bridge:ASN472A;0.7142857142857141
Water_Bridge:TYR343A;0.7142857142857141
Hydrophobic_Interaction:ALA476A;0.4999999999999999
Hydrogen_Bond:GLN384A;0.4285714285714285
Hydrophobic_Interaction:VAL498A;0.4285714285714285
Hydrophobic_Interaction:TRP525A;0.4285714285714285
Hydrophobic_Interaction:PHE267A;0.3571428571428571
Hydrophobic_Interaction:TYR343A;0.3571428571428571
Hydrophobic_Interaction:LEU499A;0.3571428571428571
Hydrophobic_Interaction:TYR383A;0.3571428571428571
Hydrophobic_Interaction:THR360A;0.3571428571428571
Hydrophobic_Interaction:TRP473A;0.3571428571428571
Hydrogen_Bond:HIS524A;0.2857142857142857
Hydrophobic_Interaction:ILE375A;0.2857142857142857
Hydrophobic_Interaction:HIS524A;0.2857142857142857
Hydrophobic_Interaction:PRO371A;0.2857142857142857
Halogen_Bond:ASP496A;0.21428571428571427
Pi-Cation_Interaction:HIS524A;0.14285714285714285
Hydrogen_Bond:TRP336A;0.07142857142857142
Hydrophobic_Interaction:LEU408A;0.07142857142857142
Hydrophobic_Interaction:PHE381A;0.07142857142857142
Water_Bridge:PHE267A;0.07142857142857142
Pi-Stacking:TRP525A;0.07142857142857142
Hydrogen_Bond:ASN472A;0.07142857142857142
Hydrophobic_Interaction:ASP335A;0.07142857142857142
Hydrophobic_Interaction:ALA365A;0.07142857142857142
Halogen_Bond:TYR343A;0.07142857142857142
