Interaction;Frequency
Pi-Stacking:TRP336A;1.4714285714285673
Hydrogen_Bond:ASP335A;1.392857142857139
Hydrogen_Bond:TYR466A;1.1142857142857114
Hydrophobic_Interaction:TYR466A;0.9285714285714263
Hydrophobic_Interaction:ASN472A;0.8214285714285695
Hydrophobic_Interaction:TRP336A;0.6357142857142845
Pi-Stacking:HIS524A;0.5642857142857133
Water_Bridge:ASN472A;0.549999999999999
Hydrophobic_Interaction:MET339A;0.4642857142857136
Water_Bridge:TYR343A;0.4642857142857136
Hydrogen_Bond:GLN384A;0.4214285714285709
Hydrophobic_Interaction:TRP525A;0.40714285714285664
Hydrophobic_Interaction:TYR383A;0.3928571428571424
Hydrophobic_Interaction:TYR343A;0.37142857142857105
Hydrophobic_Interaction:VAL498A;0.3571428571428568
Hydrophobic_Interaction:THR360A;0.3571428571428568
Hydrophobic_Interaction:LEU499A;0.3499999999999997
Hydrophobic_Interaction:TRP473A;0.2999999999999999
Hydrophobic_Interaction:HIS524A;0.2714285714285714
Hydrophobic_Interaction:ILE375A;0.22142857142857147
Hydrogen_Bond:HIS524A;0.20000000000000004
Hydrophobic_Interaction:PHE381A;0.1642857142857143
Hydrophobic_Interaction:ALA476A;0.13571428571428573
Hydrophobic_Interaction:PRO371A;0.1285714285714286
Hydrophobic_Interaction:PHE267A;0.11428571428571431
Halogen_Bond:ASP496A;0.10000000000000002
Water_Bridge:PHE267A;0.09285714285714287
Pi-Cation_Interaction:HIS524A;0.07857142857142858
Hydrophobic_Interaction:MET469A;0.05714285714285715
Hydrogen_Bond:PHE267A;0.05
Hydrophobic_Interaction:ALA365A;0.04285714285714286
Hydrophobic_Interaction:ASP335A;0.02142857142857143
Halogen_Bond:TYR343A;0.02142857142857143
Hydrogen_Bond:ASN472A;0.014285714285714285
Hydrogen_Bond:TYR383A;0.014285714285714285
Hydrogen_Bond:TRP336A;0.014285714285714285
Hydrophobic_Interaction:LEU408A;0.014285714285714285
Hydrophobic_Interaction:ILE363A;0.014285714285714285
Hydrogen_Bond:LEU499A;0.007142857142857143
Pi-Stacking:PHE381A;0.007142857142857143
Pi-Stacking:TRP525A;0.007142857142857143
