{"Hydrogen_Bond:ARG221A": 1.38271604938272, "Hydrogen_Bond:SER216A": 0.777777777777779, "Hydrogen_Bond:GLY220A": 0.7407407407407418, "Hydrophobic_Interaction:TYR46A": 0.6666666666666674, "Hydrogen_Bond:ALA217A": 0.592592592592593, "Hydrophobic_Interaction:ALA217A": 0.5802469135802473, "Hydrogen_Bond:ASP48A": 0.5432098765432101, "Hydrogen_Bond:ILE219A": 0.5185185185185186, "Hydrophobic_Interaction:PHE182A": 0.5185185185185186, "Salt_Bridge:ARG221A": 0.5061728395061729, "Hydrophobic_Interaction:VAL49A": 0.48148148148148145, "Hydrogen_Bond:GLN266A": 0.43209876543209874, "Hydrophobic_Interaction:ILE219A": 0.43209876543209874, "Water_Bridge:ALA217A": 0.43209876543209874, "Hydrogen_Bond:GLY218A": 0.4074074074074074, "Hydrogen_Bond:PHE182A": 0.37037037037037035, "Hydrogen_Bond:ASP181A": 0.30864197530864196, "Water_Bridge:ARG221A": 0.25925925925925924, "Hydrogen_Bond:GLN262A": 0.24691358024691357, "Water_Bridge:PHE182A": 0.24691358024691357, "Salt_Bridge:LYS120A": 0.20987654320987653, "Hydrophobic_Interaction:GLN262A": 0.20987654320987653, "Hydrogen_Bond:ARG721A": 0.19753086419753085, "Hydrophobic_Interaction:ASP48A": 0.18518518518518517, "Hydrogen_Bond:ARG47A": 0.18518518518518517, "Water_Bridge:ARG254A": 0.14814814814814814, "Salt_Bridge:ARG24A": 0.12345679012345678, "Salt_Bridge:ARG254A": 0.12345679012345678, "Water_Bridge:ASP48A": 0.1111111111111111, "Water_Bridge:GLY259A": 0.1111111111111111, "Hydrogen_Bond:ARG24A": 0.09876543209876543, "Water_Bridge:ARG24A": 0.09876543209876543, "Pi-Stacking:TYR46A": 0.08641975308641975, "Water_Bridge:GLN266A": 0.08641975308641975, "Pi-Stacking:PHE182A": 0.07407407407407407, "Hydrophobic_Interaction:MET258A": 0.07407407407407407, "Hydrogen_Bond:ARG254A": 0.07407407407407407, "Hydrogen_Bond:TYR46A": 0.07407407407407407, "Hydrogen_Bond:ARG547A": 0.07407407407407407, "Hydrogen_Bond:ASP548A": 0.07407407407407407, "Hydrogen_Bond:ALA717A": 0.07407407407407407, "Hydrogen_Bond:GLY718A": 0.07407407407407407, "Hydrogen_Bond:ILE719A": 0.07407407407407407, "Hydrogen_Bond:GLY720A": 0.07407407407407407, "Hydrogen_Bond:SER716A": 0.07407407407407407, "Hydrophobic_Interaction:TYR546A": 0.07407407407407407, "Hydrophobic_Interaction:PHE682A": 0.07407407407407407, "Hydrophobic_Interaction:ALA717A": 0.07407407407407407, "Water_Bridge:TYR46A": 0.06172839506172839, "Hydrophobic_Interaction:ASP548A": 0.06172839506172839, "Hydrophobic_Interaction:ILE719A": 0.06172839506172839, "Water_Bridge:GLN262A": 0.04938271604938271, "Hydrophobic_Interaction:THR263A": 0.04938271604938271, "Hydrophobic_Interaction:VAL549A": 0.04938271604938271, "Water_Bridge:ASP181A": 0.037037037037037035, "Water_Bridge:ARG47A": 0.037037037037037035, "Hydrogen_Bond:LYS120A": 0.037037037037037035, "Water_Bridge:LYS116A": 0.037037037037037035, "Salt_Bridge:ARG47A": 0.037037037037037035, "Hydrogen_Bond:LYS41A": 0.037037037037037035, "Hydrophobic_Interaction:ARG47A": 0.037037037037037035, "Water_Bridge:SER216A": 0.037037037037037035, "Water_Bridge:TYR20A": 0.037037037037037035, "Water_Bridge:LYS120A": 0.037037037037037035, "Hydrogen_Bond:GLY259A": 0.024691358024691357, "Water_Bridge:GLY220A": 0.024691358024691357, "Hydrophobic_Interaction:LEU119A": 0.024691358024691357, "Halogen_Bond:ASP48A": 0.024691358024691357, "Water_Bridge:GLY218A": 0.024691358024691357, "Hydrophobic_Interaction:GLN1021B": 0.024691358024691357, "Hydrophobic_Interaction:ALA1018B": 0.024691358024691357, "Water_Bridge:ARG721A": 0.024691358024691357, "Hydrophobic_Interaction:GLN762A": 0.024691358024691357, "Pi-Cation_Interaction:ARG47A": 0.024691358024691357, "Hydrogen_Bond:GLU276A": 0.024691358024691357, "Pi-Stacking:PHE280A": 0.024691358024691357, "Water_Bridge:GLU200A": 0.024691358024691357, "Hydrogen_Bond:ARG1024B": 0.024691358024691357, "Water_Bridge:ILE219A": 0.012345679012345678, "Hydrophobic_Interaction:ASP181A": 0.012345679012345678, "Water_Bridge:GLU115A": 0.012345679012345678, "Hydrophobic_Interaction:ASP29A": 0.012345679012345678, "Halogen_Bond:ARG47A": 0.012345679012345678, "Hydrogen_Bond:SER215A": 0.012345679012345678, "Hydrogen_Bond:ASN48A": 0.012345679012345678, "Hydrogen_Bond:ARG524A": 0.012345679012345678, "Hydrogen_Bond:ARG754A": 0.012345679012345678, "Water_Bridge:GLY759A": 0.012345679012345678, "Water_Bridge:ARG1024B": 0.012345679012345678, "Hydrophobic_Interaction:LEU619A": 0.012345679012345678, "Hydrophobic_Interaction:ALA518B": 0.012345679012345678, "Hydrophobic_Interaction:GLN521B": 0.012345679012345678, "Hydrogen_Bond:CYS47A": 0.012345679012345678, "Hydrogen_Bond:ARG45A": 0.012345679012345678, "Hydrophobic_Interaction:LYS120A": 0.012345679012345678, "Water_Bridge:TRP179A": 0.012345679012345678, "Hydrogen_Bond:GLY183A": 0.012345679012345678, "Water_Bridge:GLN766A": 0.012345679012345678, "Hydrogen_Bond:TYR20A": 0.012345679012345678, "Hydrogen_Bond:ASN193A": 0.012345679012345678, "Hydrophobic_Interaction:PHE280A": 0.012345679012345678, "Hydrophobic_Interaction:ALA189A": 0.012345679012345678, "Hydrophobic_Interaction:ILE281A": 0.012345679012345678, "Hydrophobic_Interaction:PHE196A": 0.012345679012345678, "Hydrophobic_Interaction:LEU192A": 0.012345679012345678, "Halogen_Bond:GLU200A": 0.012345679012345678, "Metal_Complexation:GLU130A": 0.012345679012345678, "Salt_Bridge:ARG547A": 0.012345679012345678, "Hydrogen_Bond:GLN666B": 0.012345679012345678, "Hydrophobic_Interaction:ARG547A": 0.012345679012345678, "Water_Bridge:PHE682A": 0.012345679012345678, "Halogen_Bond:LYS120A": 0.012345679012345678, "Pi-Cation_Interaction:HIS525B": 0.012345679012345678, "Hydrophobic_Interaction:HIS525B": 0.012345679012345678}