{"Salt_Bridge:ARG42A": 1.9999999999999971, "Hydrogen_Bond:VAL235A": 1.9999999999999971, "Hydrogen_Bond:TYR60A": 1.9999999999999971, "Hydrogen_Bond:THR426A": 1.9459459459459432, "Water_Bridge:ARG42A": 1.7837837837837813, "Water_Bridge:GLU34A": 1.5405405405405386, "Hydrogen_Bond:GLY434A": 1.135135135135134, "Hydrogen_Bond:SER15A": 1.08108108108108, "Hydrogen_Bond:ARG36A": 1.054054054054053, "Water_Bridge:ILE14A": 1.054054054054053, "Hydrogen_Bond:ARG42A": 1.027027027027026, "Hydrogen_Bond:ALA35A": 0.9999999999999991, "Hydrogen_Bond:MET436A": 0.9999999999999991, "Hydrogen_Bond:SER59A": 0.9999999999999991, "Hydrophobic_Interaction:TRP388A": 0.9999999999999991, "Hydrophobic_Interaction:TYR398A": 0.9999999999999991, "Hydrogen_Bond:GLY13A": 0.9729729729729721, "Hydrogen_Bond:GLY12A": 0.9729729729729721, "Hydrogen_Bond:GLY58A": 0.9729729729729721, "Pi-Stacking:TYR393A": 0.9729729729729721, "Water_Bridge:GLY16A": 0.9729729729729721, "Hydrophobic_Interaction:LEU171A": 0.9459459459459452, "Water_Bridge:GLU437A": 0.9459459459459452, "Water_Bridge:THR43A": 0.8918918918918912, "Water_Bridge:GLN65A": 0.8918918918918912, "Hydrogen_Bond:GLY40A": 0.7567567567567564, "Hydrophobic_Interaction:GLN206A": 0.6486486486486485, "Hydrophobic_Interaction:TYR326A": 0.6216216216216215, "Hydrophobic_Interaction:PHE343A": 0.5675675675675675, "Pi-Cation_Interaction:TRP157A": 0.5405405405405406, "Hydrophobic_Interaction:ILE199A": 0.5135135135135136, "Hydrophobic_Interaction:VAL294A": 0.40540540540540543, "Hydrophobic_Interaction:ILE316A": 0.32432432432432434, "Hydrophobic_Interaction:TRP157A": 0.2702702702702703, "Water_Bridge:GLN206A": 0.2702702702702703, "Hydrophobic_Interaction:PHE168A": 0.24324324324324326, "Hydrophobic_Interaction:ILE198A": 0.24324324324324326, "Water_Bridge:GLY41A": 0.1891891891891892, "Hydrophobic_Interaction:LEU164A": 0.16216216216216217, "Water_Bridge:LYS154A": 0.13513513513513514, "Hydrophobic_Interaction:TYR60A": 0.13513513513513514, "Hydrogen_Bond:TYR326A": 0.13513513513513514, "Hydrophobic_Interaction:LEU167A": 0.10810810810810811, "Pi-Stacking:TYR326A": 0.08108108108108109, "Hydrogen_Bond:TYR435A": 0.08108108108108109, "Hydrophobic_Interaction:TRP119A": 0.08108108108108109, "Pi-Stacking:TYR398A": 0.08108108108108109, "Water_Bridge:TYR326A": 0.08108108108108109, "Hydrophobic_Interaction:ARG42A": 0.08108108108108109, "Water_Bridge:SER59A": 0.08108108108108109, "Water_Bridge:TYR435A": 0.05405405405405406, "Water_Bridge:GLY57A": 0.05405405405405406, "Hydrophobic_Interaction:LYS296A": 0.05405405405405406, "Halogen_Bond:LEU164A": 0.05405405405405406, "Hydrogen_Bond:CYS172A": 0.02702702702702703, "Hydrogen_Bond:GLY11A": 0.02702702702702703, "Hydrogen_Bond:TYR398A": 0.02702702702702703, "Hydrogen_Bond:ILE199A": 0.02702702702702703, "Water_Bridge:GLY13A": 0.02702702702702703, "Hydrogen_Bond:ILE14A": 0.02702702702702703, "Hydrophobic_Interaction:PHE103A": 0.02702702702702703, "Hydrogen_Bond:GLY41A": 0.02702702702702703, "Pi-Stacking:TRP435A": 0.02702702702702703, "Hydrophobic_Interaction:PHE199A": 0.02702702702702703, "Hydrogen_Bond:GLN206A": 0.02702702702702703, "Hydrophobic_Interaction:LEU328A": 0.02702702702702703, "Hydrophobic_Interaction:TYR435A": 0.02702702702702703}