{"Pi-Cation_Interaction:TRP157A": 0.5405405405405406, "Hydrophobic_Interaction:LEU171A": 0.5405405405405406, "Hydrophobic_Interaction:GLN206A": 0.3783783783783784, "Hydrophobic_Interaction:ILE199A": 0.3783783783783784, "Hydrophobic_Interaction:PHE343A": 0.35135135135135137, "Hydrophobic_Interaction:TYR398A": 0.32432432432432434, "Hydrophobic_Interaction:TRP157A": 0.2702702702702703, "Hydrophobic_Interaction:ILE316A": 0.2702702702702703, "Hydrophobic_Interaction:TYR326A": 0.24324324324324326, "Water_Bridge:GLN206A": 0.24324324324324326, "Hydrophobic_Interaction:PHE168A": 0.1891891891891892, "Salt_Bridge:ARG42A": 0.16216216216216217, "Hydrogen_Bond:VAL235A": 0.16216216216216217, "Hydrogen_Bond:TYR60A": 0.16216216216216217, "Hydrogen_Bond:THR426A": 0.16216216216216217, "Water_Bridge:ARG42A": 0.16216216216216217, "Water_Bridge:GLU34A": 0.16216216216216217, "Hydrophobic_Interaction:LEU164A": 0.16216216216216217, "Water_Bridge:LYS154A": 0.13513513513513514, "Hydrogen_Bond:SER15A": 0.13513513513513514, "Hydrophobic_Interaction:TYR60A": 0.13513513513513514, "Hydrogen_Bond:TYR326A": 0.13513513513513514, "Water_Bridge:ILE14A": 0.10810810810810811, "Hydrogen_Bond:TYR435A": 0.08108108108108109, "Hydrophobic_Interaction:TRP119A": 0.08108108108108109, "Hydrogen_Bond:ARG42A": 0.08108108108108109, "Hydrogen_Bond:GLY13A": 0.08108108108108109, "Hydrogen_Bond:GLY12A": 0.08108108108108109, "Hydrogen_Bond:ARG36A": 0.08108108108108109, "Hydrogen_Bond:ALA35A": 0.08108108108108109, "Hydrogen_Bond:MET436A": 0.08108108108108109, "Hydrogen_Bond:SER59A": 0.08108108108108109, "Hydrogen_Bond:GLY58A": 0.08108108108108109, "Hydrogen_Bond:GLY434A": 0.08108108108108109, "Pi-Stacking:TYR393A": 0.08108108108108109, "Pi-Stacking:TYR398A": 0.08108108108108109, "Hydrophobic_Interaction:TRP388A": 0.08108108108108109, "Water_Bridge:GLN65A": 0.08108108108108109, "Water_Bridge:GLU437A": 0.08108108108108109, "Water_Bridge:GLY16A": 0.08108108108108109, "Water_Bridge:TYR326A": 0.08108108108108109, "Hydrophobic_Interaction:LEU167A": 0.08108108108108109, "Water_Bridge:SER59A": 0.08108108108108109, "Hydrogen_Bond:GLY40A": 0.05405405405405406, "Water_Bridge:THR43A": 0.05405405405405406, "Halogen_Bond:LEU164A": 0.05405405405405406, "Hydrogen_Bond:GLY11A": 0.02702702702702703, "Water_Bridge:GLY57A": 0.02702702702702703, "Hydrogen_Bond:TYR398A": 0.02702702702702703, "Hydrophobic_Interaction:PHE103A": 0.02702702702702703, "Hydrogen_Bond:GLY41A": 0.02702702702702703, "Hydrophobic_Interaction:ARG42A": 0.02702702702702703, "Water_Bridge:TYR435A": 0.02702702702702703, "Pi-Stacking:TYR326A": 0.02702702702702703, "Hydrogen_Bond:GLN206A": 0.02702702702702703, "Hydrophobic_Interaction:LEU328A": 0.02702702702702703, "Hydrophobic_Interaction:TYR435A": 0.02702702702702703, "Hydrophobic_Interaction:VAL294A": 0.02702702702702703}