{"Salt_Bridge:ARG42A": {"frequency": 1.9999999999999971, "structures": ["1S3E", "1S3E", "1OJC", "1OJC", "1S2Y", "1S2Y", "6FVZ", "6FVZ", "2XFU", "2XFU", "2C64", "2C64", "2C70", "2C70", "6RKP", "6RKP", "2C66", "2C66", "2BK3", "2BK3", "2C67", "2C67", "2XFN", "2XFN", "2XFQ", "2XFQ", "6RLE", "6RLE", "1GOS", "1GOS", "2XFP", "2XFP", "2XFO", "2XFO", "1S2Q", "1S2Q", "2BK5", "2BK5", "3PO7", "3PO7", "1OJ9", "1OJ9", "6FW0", "6FW0", "2C76", "2C76", "1OJA", "1OJA", "3ZYX", "3ZYX", "2V60", "2V60", "4A7A", "4A7A", "2BK4", "2BK4", "2V5Z", "2V5Z", "2C72", "2C72", "6YT2", "6YT2", "2C75", "2C75", "1S3B", "1S3B", "6FWC", "6FWC", "2C65", "2C65", "2XCG", "2XCG", "4CRT", "4CRT"]}, "Hydrogen_Bond:VAL235A": {"frequency": 1.9999999999999971, "structures": ["1S3E", "1S3E", "1OJC", "1OJC", "1S2Y", "1S2Y", "6FVZ", "6FVZ", "2XFU", "2XFU", "2C64", "2C64", "2C70", "2C70", "6RKP", "6RKP", "2C66", "2C66", "2BK3", "2BK3", "2C67", "2C67", "2XFN", "2XFN", "2XFQ", "2XFQ", "6RLE", "6RLE", "1GOS", "1GOS", "2XFP", "2XFP", "2XFO", "2XFO", "1S2Q", "1S2Q", "2BK5", "2BK5", "3PO7", "3PO7", "1OJ9", "1OJ9", "6FW0", "6FW0", "2C76", "2C76", "1OJA", "1OJA", "3ZYX", "3ZYX", "2V60", "2V60", "4A7A", "4A7A", "2BK4", "2BK4", "2V5Z", "2V5Z", "2C72", "2C72", "6YT2", "6YT2", "2C75", "2C75", "1S3B", "1S3B", "6FWC", "6FWC", "2C65", "2C65", "2XCG", "2XCG", "4CRT", "4CRT"]}, "Hydrogen_Bond:TYR60A": {"frequency": 1.9999999999999971, "structures": ["1S3E", "1S3E", "1OJC", "1OJC", "1S2Y", "1S2Y", "6FVZ", "6FVZ", "2XFU", "2XFU", "2C64", "2C64", "2C70", "2C70", "6RKP", "6RKP", "2C66", "2C66", "2BK3", "2BK3", "2C67", "2C67", "2XFN", "2XFN", "2XFQ", "2XFQ", "6RLE", "6RLE", "1GOS", "1GOS", "2XFP", "2XFP", "2XFO", "2XFO", "1S2Q", "1S2Q", "2BK5", "2BK5", "3PO7", "3PO7", "1OJ9", "1OJ9", "6FW0", "6FW0", "2C76", "2C76", "1OJA", "1OJA", "3ZYX", "3ZYX", "2V60", "2V60", "4A7A", "4A7A", "2BK4", "2BK4", "2V5Z", "2V5Z", "2C72", "2C72", "6YT2", "6YT2", "2C75", "2C75", "1S3B", "1S3B", "6FWC", "6FWC", "2C65", "2C65", "2XCG", "2XCG", "4CRT", "4CRT"]}, "Hydrogen_Bond:THR426A": {"frequency": 1.9459459459459432, "structures": ["1S3E", "1S3E", "1OJC", "1OJC", "1S2Y", "1S2Y", "6FVZ", "6FVZ", "2XFU", "2XFU", "2C64", "2C70", "2C70", "6RKP", "6RKP", "2C66", "2C66", "2BK3", "2BK3", "2C67", "2C67", "2XFN", "2XFN", "2XFQ", "2XFQ", "6RLE", "1GOS", "1GOS", "2XFP", "2XFP", "2XFO", "2XFO", "1S2Q", "1S2Q", "2BK5", "2BK5", "3PO7", "3PO7", "1OJ9", "1OJ9", "6FW0", "6FW0", "2C76", "2C76", "1OJA", "1OJA", "3ZYX", "3ZYX", "2V60", "2V60", "4A7A", "4A7A", "2BK4", "2BK4", "2V5Z", "2V5Z", "2C72", "2C72", "6YT2", "6YT2", "2C75", "2C75", "1S3B", "1S3B", "6FWC", "6FWC", "2C65", "2C65", "2XCG", "2XCG", "4CRT", "4CRT"]}, "Water_Bridge:ARG42A": {"frequency": 1.7837837837837813, "structures": ["1S3E", "1S3E", "1OJC", "1OJC", "1S2Y", "1S2Y", "6FVZ", "6FVZ", "2XFU", "2XFU", "2C70", "2C70", "6RKP", "6RKP", "2BK3", "2BK3", "2C67", "2C67", "2XFN", "2XFN", "2XFQ", "2XFQ", "6RLE", "6RLE", "2XFP", "2XFP", "2XFO", "2XFO", "1S2Q", "1S2Q", "2BK5", "2BK5", "3PO7", "3PO7", "6FW0", "6FW0", "2C76", "2C76", "1OJA", "1OJA", "3ZYX", "3ZYX", "2V60", "2V60", "4A7A", "4A7A", "2BK4", "2BK4", "2V5Z", "2V5Z", "2C72", "2C72", "6YT2", "6YT2", "2C75", "2C75", "1S3B", "1S3B", "6FWC", "6FWC", "2C65", "2C65", "2XCG", "2XCG", "4CRT", "4CRT"]}, "Water_Bridge:GLU34A": {"frequency": 1.5405405405405386, "structures": ["1S3E", "1S3E", "1OJC", "1OJC", "1S2Y", "1S2Y", "6FVZ", "6FVZ", "2XFU", "2XFU", "2C70", "2C70", "6RKP", "6RKP", "2BK3", "2BK3", "2C67", "2C67", "2XFN", "2XFN", "2XFQ", "2XFQ", "6RLE", "2XFO", "2XFO", "2BK5", "2BK5", "3PO7", "3PO7", "6FW0", "6FW0", "2C76", "2C76", "1OJA", "1OJA", "3ZYX", "3ZYX", "2V60", "2V60", "4A7A", "4A7A", "2BK4", "2BK4", "2C72", "2C72", "6YT2", "6YT2", "2C75", "2C75", "1S3B", "1S3B", "6FWC", "6FWC", "2C65", "2C65", "2XCG", "2XCG"]}, "Hydrogen_Bond:GLY434A": {"frequency": 1.135135135135134, "structures": ["1S3E", "1OJC", "1S2Y", "6FVZ", "2XFU", "2C64", "2C64", "2C70", "6RKP", "2C66", "2BK3", "2C67", "2XFN", "2XFQ", "6RLE", "6RLE", "1GOS", "2XFP", "2XFO", "1S2Q", "2BK5", "3PO7", "1OJ9", "6FW0", "6FW0", "2C76", "1OJA", "3ZYX", "2V60", "4A7A", "2BK4", "2V5Z", "2C72", "6YT2", "6YT2", "2C75", "1S3B", "6FWC", "2C65", "2XCG", "4CRT", "4CRT"]}, "Hydrogen_Bond:SER15A": {"frequency": 1.08108108108108, "structures": ["1S3E", "1OJC", "1S2Y", "6FVZ", "2XFU", "2XFU", "2XFU", "2C64", "2C70", "6RKP", "2C66", "2C66", "2BK3", "2C67", "2XFN", "2XFQ", "6RLE", "1GOS", "2XFP", "2XFO", "1S2Q", "2BK5", "3PO7", "1OJ9", "6FW0", "2C76", "1OJA", "3ZYX", "2V60", "4A7A", "2BK4", "2V5Z", "2C72", "6YT2", "2C75", "1S3B", "6FWC", "2C65", "2XCG", "4CRT"]}, "Hydrogen_Bond:ARG36A": {"frequency": 1.054054054054053, "structures": ["1S3E", "1OJC", "1S2Y", "6FVZ", "2XFU", "2C64", "2C70", "6RKP", "2C66", "2BK3", "2C67", "2XFN", "2XFQ", "6RLE", "1GOS", "1GOS", "2XFP", "2XFO", "1S2Q", "2BK5", "3PO7", "1OJ9", "6FW0", "2C76", "1OJA", "3ZYX", "2V60", "4A7A", "2BK4", "2V5Z", "2C72", "6YT2", "2C75", "1S3B", "6FWC", "2C65", "2XCG", "4CRT", "4CRT"]}, "Water_Bridge:ILE14A": {"frequency": 1.054054054054053, "structures": ["1S3E", "1OJC", "1S2Y", "6FVZ", "2XFU", "2XFU", "2C64", "2C70", "6RKP", "2C66", "2C66", "2BK3", "2C67", "2XFN", "2XFQ", "6RLE", "2XFP", "2XFO", "1S2Q", "2BK5", "3PO7", "1OJ9", "6FW0", "2C76", "1OJA", "3ZYX", "3ZYX", "2V60", "4A7A", "2BK4", "2V5Z", "2C72", "6YT2", "2C75", "1S3B", "6FWC", "2C65", "2XCG", "4CRT"]}, "Hydrogen_Bond:ARG42A": {"frequency": 1.027027027027026, "structures": ["1S3E", "1OJC", "1S2Y", "6FVZ", "2XFU", "2C64", "2C70", "6RKP", "2C66", "2BK3", "2C67", "2XFN", "2XFQ", "6RLE", "1GOS", "1GOS", "2XFP", "2XFO", "1S2Q", "2BK5", "3PO7", "1OJ9", "6FW0", "2C76", "1OJA", "3ZYX", "2V60", "4A7A", "2BK4", "2V5Z", "2C72", "6YT2", "2C75", "1S3B", "6FWC", "2C65", "2XCG", "4CRT"]}, "Hydrogen_Bond:ALA35A": {"frequency": 0.9999999999999991, "structures": ["1S3E", "1OJC", "1S2Y", "6FVZ", "2XFU", "2C64", "2C70", "6RKP", "2C66", "2BK3", "2C67", "2XFN", "2XFQ", "6RLE", "1GOS", "2XFP", "2XFO", "1S2Q", "2BK5", "3PO7", "1OJ9", "6FW0", "2C76", "1OJA", "3ZYX", "2V60", "4A7A", "2BK4", "2V5Z", "2C72", "6YT2", "2C75", "1S3B", "6FWC", "2C65", "2XCG", "4CRT"]}, "Hydrogen_Bond:MET436A": {"frequency": 0.9999999999999991, "structures": ["1S3E", "1OJC", "1S2Y", "6FVZ", "2XFU", "2C64", "2C70", "6RKP", "2C66", "2BK3", "2C67", "2XFN", "2XFQ", "6RLE", "1GOS", "2XFP", "2XFO", "1S2Q", "2BK5", "3PO7", "1OJ9", "6FW0", "2C76", "1OJA", "3ZYX", "2V60", "4A7A", "2BK4", "2V5Z", "2C72", "6YT2", "2C75", "1S3B", "6FWC", "2C65", "2XCG", "4CRT"]}, "Hydrogen_Bond:SER59A": {"frequency": 0.9999999999999991, "structures": ["1S3E", "1OJC", "1S2Y", "6FVZ", "2XFU", "2C64", "2C70", "6RKP", "2C66", "2BK3", "2C67", "2XFN", "2XFQ", "6RLE", "1GOS", "2XFP", "2XFO", "1S2Q", "2BK5", "3PO7", "1OJ9", "6FW0", "2C76", "1OJA", "3ZYX", "2V60", "4A7A", "2BK4", "2V5Z", "2C72", "6YT2", "2C75", "1S3B", "6FWC", "2C65", "2XCG", "4CRT"]}, "Hydrophobic_Interaction:TRP388A": {"frequency": 0.9999999999999991, "structures": ["1S3E", "1OJC", "1S2Y", "6FVZ", "2XFU", "2C64", "2C70", "6RKP", "2C66", "2BK3", "2C67", "2XFN", "2XFQ", "6RLE", "1GOS", "2XFP", "2XFO", "1S2Q", "2BK5", "3PO7", "1OJ9", "6FW0", "2C76", "1OJA", "3ZYX", "2V60", "4A7A", "2BK4", "2V5Z", "2C72", "6YT2", "2C75", "1S3B", "6FWC", "2C65", "2XCG", "4CRT"]}, "Hydrophobic_Interaction:TYR398A": {"frequency": 0.9999999999999991, "structures": ["1S3E", "1OJC", "1S2Y", "6FVZ", "2XFU", "2C64", "2C70", "6RKP", "2C66", "2BK3", "2C67", "2XFN", "2XFQ", "6RLE", "1GOS", "2XFP", "2XFO", "1S2Q", "2BK5", "3PO7", "1OJ9", "6FW0", "2C76", "1OJA", "3ZYX", "2V60", "4A7A", "2BK4", "2V5Z", "2C72", "6YT2", "2C75", "1S3B", "6FWC", "2C65", "2XCG", "4CRT"]}, "Hydrogen_Bond:GLY13A": {"frequency": 0.9729729729729721, "structures": ["1S3E", "1OJC", "1S2Y", "6FVZ", "2XFU", "2C64", "2C70", "6RKP", "2BK3", "2C67", "2XFN", "2XFQ", "6RLE", "1GOS", "2XFP", "2XFO", "1S2Q", "2BK5", "3PO7", "1OJ9", "6FW0", "2C76", "1OJA", "3ZYX", "2V60", "4A7A", "2BK4", "2V5Z", "2C72", "6YT2", "2C75", "1S3B", "6FWC", "2C65", "2XCG", "4CRT"]},