{"Hydrophobic_Interaction:TYR383A": 0.4939759036144576, "Hydrophobic_Interaction:LEU408A": 0.46987951807228895, "Hydrophobic_Interaction:TRP525A": 0.4457831325301203, "Hydrogen_Bond:TYR383A": 0.433734939759036, "Hydrogen_Bond:ASP335A": 0.42168674698795167, "Pi-Stacking:TRP336A": 0.3855421686746987, "Hydrophobic_Interaction:PHE267A": 0.3855421686746987, "Pi-Stacking:HIS524A": 0.36144578313253006, "Hydrogen_Bond:TYR466A": 0.3373493975903614, "Hydrophobic_Interaction:VAL498A": 0.3132530120481928, "Hydrophobic_Interaction:TRP336A": 0.28915662650602414, "Hydrogen_Bond:GLN384A": 0.2530120481927712, "Hydrophobic_Interaction:LEU499A": 0.20481927710843378, "Hydrogen_Bond:ASP496A": 0.20481927710843378, "Hydrophobic_Interaction:HIS524A": 0.19277108433734944, "Hydrogen_Bond:PHE497A": 0.1566265060240964, "Hydrophobic_Interaction:TYR466A": 0.14457831325301204, "Hydrogen_Bond:VAL498A": 0.14457831325301204, "Hydrophobic_Interaction:PHE381A": 0.1325301204819277, "Hydrophobic_Interaction:PHE387A": 0.1325301204819277, "Hydrophobic_Interaction:ILE363A": 0.12048192771084336, "Metal_Complexation:ASP9A": 0.12048192771084336, "Metal_Complexation:ASP185A": 0.12048192771084336, "Hydrophobic_Interaction:ILE375A": 0.12048192771084336, "Hydrophobic_Interaction:THR360A": 0.10843373493975902, "Metal_Complexation:ASP11A": 0.10843373493975902, "Hydrogen_Bond:HIS524A": 0.10843373493975902, "Water_Bridge:HIS524A": 0.10843373493975902, "Pi-Stacking:TRP525A": 0.09638554216867469, "Hydrophobic_Interaction:LEU428A": 0.08433734939759036, "Hydrophobic_Interaction:ASN472A": 0.08433734939759036, "Hydrophobic_Interaction:TYR343A": 0.060240963855421686, "Hydrophobic_Interaction:ALA476A": 0.060240963855421686, "Hydrogen_Bond:ASN472A": 0.060240963855421686, "Water_Bridge:VAL498A": 0.04819277108433735, "Pi-Stacking:PHE381A": 0.04819277108433735, "Hydrophobic_Interaction:LEU417A": 0.04819277108433735, "Water_Bridge:TYR466A": 0.04819277108433735, "Metal_Complexation:ASP509A": 0.04819277108433735, "Pi-Stacking:TYR383A": 0.03614457831325302, "Hydrophobic_Interaction:LEU498A": 0.03614457831325302, "Hydrophobic_Interaction:TRP334A": 0.03614457831325302, "Halogen_Bond:TYR466A": 0.03614457831325302, "Hydrophobic_Interaction:MET310A": 0.03614457831325302, "Water_Bridge:TYR343A": 0.03614457831325302, "Salt_Bridge:ASP335A": 0.03614457831325302, "Water_Bridge:PHE497A": 0.03614457831325302, "Hydrogen_Bond:ASP333A": 0.03614457831325302, "Water_Bridge:ASP11A": 0.03614457831325302, "Water_Bridge:GLN384A": 0.03614457831325302, "Pi-Stacking:PHE267A": 0.03614457831325302, "Hydrogen_Bond:ARG410A": 0.024096385542168676, "Water_Bridge:ASN366A": 0.024096385542168676, "Hydrophobic_Interaction:MET339A": 0.024096385542168676, "Hydrogen_Bond:TYR465A": 0.024096385542168676, "Hydrophobic_Interaction:PRO361A": 0.024096385542168676, "Halogen_Bond:PHE267A": 0.024096385542168676, "Water_Bridge:PHE267A": 0.024096385542168676, "Pi-Cation_Interaction:HIS524A": 0.024096385542168676, "Hydrogen_Bond:LEU499A": 0.024096385542168676, "Hydrophobic_Interaction:PRO371A": 0.024096385542168676, "Water_Bridge:TYR383A": 0.024096385542168676, "Hydrogen_Bond:ASN124A": 0.024096385542168676, "Hydrophobic_Interaction:THR50A": 0.024096385542168676, "Hydrophobic_Interaction:TRP126A": 0.024096385542168676, "Hydrophobic_Interaction:ASP11A": 0.024096385542168676, "Hydrophobic_Interaction:PHE41A": 0.024096385542168676, "Hydrogen_Bond:LEU417A": 0.024096385542168676, "Water_Bridge:VAL416A": 0.012048192771084338, "Hydrophobic_Interaction:GLN384A": 0.012048192771084338, "Salt_Bridge:HIS524A": 0.012048192771084338, "Pi-Stacking:PHE387A": 0.012048192771084338, "Pi-Stacking:PHE265A": 0.012048192771084338, "Hydrophobic_Interaction:TYR381A": 0.012048192771084338, "Hydrophobic_Interaction:THR358A": 0.012048192771084338, "Hydrophobic_Interaction:TRP524A": 0.012048192771084338, "Hydrophobic_Interaction:LEU406A": 0.012048192771084338, "Halogen_Bond:ASP496A": 0.012048192771084338, "Water_Bridge:ASP496A": 0.012048192771084338, "Hydrogen_Bond:MET469A": 0.012048192771084338, "Pi-Stacking:TYR466A": 0.012048192771084338, "Hydrophobic_Interaction:PRO268A": 0.012048192771084338, "Hydrogen_Bond:TYR343A": 0.012048192771084338, "Water_Bridge:TRP525A": 0.012048192771084338, "Hydrophobic_Interaction:VAL497A": 0.012048192771084338, "Water_Bridge:ASP335A": 0.012048192771084338, "Hydrogen_Bond:THR51A": 0.012048192771084338, "Hydrophobic_Interaction:GLN42A": 0.012048192771084338, "Hydrophobic_Interaction:PHE20A": 0.012048192771084338, "Water_Bridge:GLN42A": 0.012048192771084338, "Water_Bridge:THR51A": 0.012048192771084338, "Hydrogen_Bond:TRP525A": 0.012048192771084338, "Salt_Bridge:LYS160A": 0.012048192771084338, "Hydrogen_Bond:ASN189A": 0.012048192771084338, "Pi-Stacking:PHE20A": 0.012048192771084338, "Pi-Stacking:TRP63A": 0.012048192771084338, "Hydrophobic_Interaction:VAL19A": 0.012048192771084338, "Hydrophobic_Interaction:LEU53A": 0.012048192771084338, "Hydrophobic_Interaction:LEU60A": 0.012048192771084338, "Hydrophobic_Interaction:PHE92A": 0.012048192771084338, "Hydrophobic_Interaction:ILE96A": 0.012048192771084338, "Water_Bridge:VAL19A": 0.012048192771084338, "Water_Bridge:LEU417A": 0.012048192771084338, "Pi-Cation_Interaction:PHE381A": 0.012048192771084338, "Metal_Complexation:HIS506A": 0.012048192771084338, "Hydrophobic_Interaction:ALA365A": 0.012048192771084338, "Salt_Bridge:HIS523A": 0.012048192771084338, "Hydrogen_Bond:TYR381A": 0.012048192771084338, "Hydrogen_Bond:HIS523A": 0.012048192771084338, "Hydrogen_Bond:PHE267A": 0.012048192771084338, "Hydrogen_Bond:VAL416A": 0.012048192771084338, "Hydrogen_Bond:SER374A": 0.012048192771084338, "Hydrogen_Bond:PRO371A": 0.012048192771084338, "Hydrogen_Bond:ILE363A": 0.012048192771084338, "Hydrophobic_Interaction:PHE497A": 0.012048192771084338}