{"Hydrogen_Bond:TYR466A": 1.1551724137931034, "Hydrophobic_Interaction:TRP336A": 0.8620689655172419, "Hydrogen_Bond:ASP335A": 0.724137931034483, "Hydrophobic_Interaction:TYR466A": 0.6551724137931035, "Hydrophobic_Interaction:LEU499A": 0.6551724137931035, "Hydrogen_Bond:GLN384A": 0.5517241379310344, "Hydrophobic_Interaction:TRP525A": 0.5517241379310344, "Pi-Stacking:TRP336A": 0.5344827586206895, "Hydrophobic_Interaction:VAL498A": 0.4999999999999998, "Hydrophobic_Interaction:TYR383A": 0.46551724137931016, "Hydrophobic_Interaction:HIS524A": 0.41379310344827575, "Hydrophobic_Interaction:THR360A": 0.39655172413793094, "Hydrophobic_Interaction:MET339A": 0.3275862068965517, "Pi-Stacking:HIS524A": 0.3275862068965517, "Hydrogen_Bond:HIS524A": 0.2931034482758621, "Hydrophobic_Interaction:PHE267A": 0.24137931034482765, "Hydrophobic_Interaction:ASN472A": 0.22413793103448282, "Hydrophobic_Interaction:PRO371A": 0.20689655172413798, "Water_Bridge:ASN472A": 0.17241379310344832, "Hydrogen_Bond:TYR343A": 0.13793103448275865, "Hydrophobic_Interaction:LEU408A": 0.13793103448275865, "Hydrogen_Bond:TYR383A": 0.12068965517241381, "Water_Bridge:PHE267A": 0.12068965517241381, "Hydrogen_Bond:TRP336A": 0.10344827586206898, "Water_Bridge:TYR343A": 0.10344827586206898, "Hydrophobic_Interaction:PHE381A": 0.10344827586206898, "Pi-Cation_Interaction:HIS524A": 0.08620689655172414, "Hydrophobic_Interaction:ILE375A": 0.08620689655172414, "Hydrophobic_Interaction:MET469A": 0.06896551724137931, "Hydrogen_Bond:ASP496A": 0.06896551724137931, "Hydrophobic_Interaction:LEU417A": 0.05172413793103448, "Hydrophobic_Interaction:PHE497A": 0.05172413793103448, "Water_Bridge:TRP525A": 0.05172413793103448, "Hydrogen_Bond:VAL498A": 0.05172413793103448, "Hydrophobic_Interaction:TYR343A": 0.034482758620689655, "Hydrogen_Bond:TRP525A": 0.034482758620689655, "Hydrophobic_Interaction:TRP473A": 0.034482758620689655, "Halogen_Bond:LEU408A": 0.034482758620689655, "Hydrophobic_Interaction:PHE387A": 0.034482758620689655, "Hydrophobic_Interaction:PRO361A": 0.034482758620689655, "Salt_Bridge:HIS524A": 0.034482758620689655, "Hydrophobic_Interaction:PHE362A": 0.017241379310344827, "Hydrogen_Bond:ARG410A": 0.017241379310344827, "Hydrogen_Bond:LEU408A": 0.017241379310344827, "Pi-Stacking:PHE267A": 0.017241379310344827, "Halogen_Bond:PHE267A": 0.017241379310344827, "Hydrogen_Bond:PHE267A": 0.017241379310344827, "Hydrophobic_Interaction:LEU428A": 0.017241379310344827, "Halogen_Bond:MET369A": 0.017241379310344827, "Halogen_Bond:SER370A": 0.017241379310344827, "Halogen_Bond:THR360A": 0.017241379310344827, "Hydrogen_Bond:LEU499A": 0.017241379310344827, "Pi-Stacking:TYR383A": 0.017241379310344827, "Hydrogen_Bond:ASN472A": 0.017241379310344827, "Halogen_Bond:ASP496A": 0.017241379310344827, "Hydrophobic_Interaction:ARG410A": 0.017241379310344827, "Pi-Stacking:TYR466A": 0.017241379310344827, "Hydrophobic_Interaction:ALA476A": 0.017241379310344827, "Hydrophobic_Interaction:ALA365A": 0.017241379310344827, "Halogen_Bond:ASN366A": 0.017241379310344827, "Halogen_Bond:ASN378A": 0.017241379310344827, "Hydrogen_Bond:ILE363A": 0.017241379310344827, "Water_Bridge:ALA365A": 0.017241379310344827, "Salt_Bridge:ASP335A": 0.017241379310344827, "Halogen_Bond:LEU417A": 0.017241379310344827, "Pi-Stacking:PHE381A": 0.017241379310344827, "Halogen_Bond:ASN472A": 0.017241379310344827}