{"Hydrophobic_Interaction:TRP387A": 0.5714285714285715, "Hydrophobic_Interaction:VAL523A": 0.5142857142857143, "Hydrophobic_Interaction:VAL349A": 0.45714285714285724, "Hydrophobic_Interaction:LEU352A": 0.45714285714285724, "Hydrophobic_Interaction:TYR385A": 0.42857142857142866, "Hydrogen_Bond:SER530A": 0.4000000000000001, "Hydrophobic_Interaction:ALA527A": 0.4000000000000001, "Hydrophobic_Interaction:TYR355A": 0.3714285714285715, "Hydrogen_Bond:TYR355A": 0.3428571428571429, "Hydrophobic_Interaction:TYR348A": 0.28571428571428575, "Salt_Bridge:ARG120A": 0.2571428571428572, "Hydrophobic_Interaction:LEU531A": 0.2571428571428572, "Hydrophobic_Interaction:PHE518A": 0.2285714285714286, "Hydrogen_Bond:TYR385A": 0.2, "Hydrophobic_Interaction:PHE205A": 0.14285714285714285, "Hydrophobic_Interaction:PHE381A": 0.14285714285714285, "Hydrophobic_Interaction:LEU534A": 0.14285714285714285, "Hydrophobic_Interaction:VAL116A": 0.14285714285714285, "Hydrophobic_Interaction:LEU117A": 0.11428571428571428, "Hydrophobic_Interaction:ILE345A": 0.11428571428571428, "Hydrophobic_Interaction:LEU359A": 0.11428571428571428, "Hydrophobic_Interaction:LEU384A": 0.08571428571428572, "Hydrophobic_Interaction:ILE377A": 0.08571428571428572, "Hydrophobic_Interaction:ALA513A": 0.08571428571428572, "Hydrogen_Bond:ARG120A": 0.08571428571428572, "Hydrophobic_Interaction:PHE209A": 0.08571428571428572, "Hydrogen_Bond:ARG513A": 0.05714285714285714, "Hydrogen_Bond:PHE518A": 0.05714285714285714, "Hydrogen_Bond:TYR341A": 0.05714285714285714, "Hydrophobic_Interaction:VAL509A": 0.05714285714285714, "Hydrophobic_Interaction:TYR371A": 0.05714285714285714, "Hydrophobic_Interaction:VAL335A": 0.05714285714285714, "Hydrophobic_Interaction:TRP388A": 0.05714285714285714, "Hydrophobic_Interaction:ALA528A": 0.05714285714285714, "Hydrophobic_Interaction:TYR356A": 0.05714285714285714, "Hydrogen_Bond:TYR386A": 0.05714285714285714, "Hydrogen_Bond:SER516A": 0.05714285714285714, "Hydrophobic_Interaction:TYR341A": 0.05714285714285714, "Hydrogen_Bond:SER119A": 0.05714285714285714, "Hydrophobic_Interaction:TYR115A": 0.05714285714285714, "Hydrophobic_Interaction:VAL89A": 0.05714285714285714, "Hydrophobic_Interaction:VAL228A": 0.05714285714285714, "Hydrogen_Bond:TYR115A": 0.05714285714285714, "Hydrogen_Bond:GLN192A": 0.02857142857142857, "Hydrogen_Bond:SER353A": 0.02857142857142857, "Pi-Cation_Interaction:ARG120A": 0.02857142857142857, "Halogen_Bond:ARG120A": 0.02857142857142857, "Hydrogen_Bond:GLN178A": 0.02857142857142857, "Hydrogen_Bond:ARG499A": 0.02857142857142857, "Hydrogen_Bond:PHE504A": 0.02857142857142857, "Hydrogen_Bond:SER339A": 0.02857142857142857, "Hydrophobic_Interaction:LEU338A": 0.02857142857142857, "Hydrophobic_Interaction:LEU370A": 0.02857142857142857, "Hydrophobic_Interaction:PHE504A": 0.02857142857142857, "Hydrophobic_Interaction:TRP373A": 0.02857142857142857, "Halogen_Bond:ARG106A": 0.02857142857142857, "Salt_Bridge:ARG121A": 0.02857142857142857, "Hydrogen_Bond:TYR356A": 0.02857142857142857, "Hydrophobic_Interaction:VAL350A": 0.02857142857142857, "Hydrophobic_Interaction:LEU360A": 0.02857142857142857, "Hydrophobic_Interaction:ILE346A": 0.02857142857142857, "Hydrophobic_Interaction:TYR349A": 0.02857142857142857, "Hydrophobic_Interaction:TYR386A": 0.02857142857142857, "Hydrophobic_Interaction:PHE519A": 0.02857142857142857, "Hydrophobic_Interaction:ILE350A": 0.02857142857142857, "Halogen_Bond:VAL509A": 0.02857142857142857, "Hydrogen_Bond:HIS90A": 0.02857142857142857, "Hydrophobic_Interaction:LEU93A": 0.02857142857142857, "Hydrophobic_Interaction:PRO84A": 0.02857142857142857, "Hydrophobic_Interaction:ILE112A": 0.02857142857142857, "Water_Bridge:ARG513A": 0.02857142857142857, "Water_Bridge:SER530A": 0.02857142857142857, "Water_Bridge:ALA527A": 0.02857142857142857, "Salt_Bridge:ARG106A": 0.02857142857142857, "Halogen_Bond:SER516A": 0.02857142857142857, "Hydrophobic_Interaction:LYS83A": 0.02857142857142857, "Water_Bridge:GLN192A": 0.02857142857142857}